Round,Pick,Team,,Player,Pos,Age,B/T,Pre-Draft Team,Slotted Bonus,Signed Bonus,+/- Diff
1,1,BAL,,Jackson Holliday,SS,18,/,"HS
                    
                    
                    Stillwater HS (OK)","$8,846,900","$8,190,000","$656,900"
1,2,ARI,,Druw Jones,CF,18,/,"HS
                    
                    
                    Wesleyan HS (GA)","$8,189,400","$8,189,400",
1,3,TEX,,Kumar Rocker,SP,22,/,Independent League,"$7,591,600","$5,200,000","$2,391,600"
1,4,PIT,,Temarr Johnson,2B,18,/,"HS
                    
                    
                    Mays HS (GA)","$7,005,800","$7,219,000","-$213,200"
1,5,WSH,,Elijah Green,CF,18,/,"HS
                    
                    
                    IMG Academy (FL)","$6,497,700","$6,500,000","-$2,300"
1,6,MIA,,Jacob Berry,1B,21,/,"CO
                    
                    
                    Louisiana State","$6,037,500","$6,000,000","$37,500"
1,7,CHC,,Cade Horton,SP,20,/,"CO
                    
                    
                    Oklahoma","$5,711,000","$4,450,000","$1,261,000"
1,8,MIN,,Brooks Lee,SS,21,/,"CO
                    
                    
                    California State Poly-San Luis Obis...","$5,442,400","$5,675,000","-$232,600"
1,9,KC,,Gavin Cross,RF,21,/,"CO
                    
                    
                    Virginia Tech","$5,202,900","$5,202,900",
1,10,COL,,Gabriel Hughes,SP,20,/,"CO
                    
                    
                    Gonzaga","$4,983,000","$4,000,000","$983,000"
1,11,NYM,Comp.,Kevin Parada,C,20,/,"CO
                    
                    
                    Georgia Tech","$4,780,700","$5,019,735","-$239,035"
1,12,DET,,Jace Jung,2B,21,/,"CO
                    
                    
                    Texas Tech","$4,590,300","$4,590,300",
1,13,LAA,,Zach Neto,2B,21,/,"CO
                    
                    
                    Campbell (NC)","$4,412,500","$3,500,000","$912,500"
1,14,NYM,,Jett Williams,CF,18,/,"HS
                    
                    
                    Rockwall-Heath HS (TX)","$4,243,800","$3,900,000","$343,800"
1,15,SD,,Dylan Lesko,SP,18,/,"HS
                    
                    
                    Buford HS (GA)","$4,085,000","$3,900,000","$185,000"
1,16,CLE,,Chase DeLauter,RF,20,/,"CO
                    
                    
                    James Madison","$3,937,600","$3,750,000","$187,600"
1,17,PHI,,Justin Crawford,CF,18,/,"HS
                    
                    
                    Bishop Gorman HS (NV)","$3,794,800","$3,894,800","-$100,000"
1,18,CIN,,Cam Collier,3B,17,/,"JC
                    
                    
                    Chipola JC (FL)","$3,659,800","$5,000,000","-$1,340,200"
1,19,OAK,,Daniel Susac,C,21,/,"CO
                    
                    
                    Arizona","$3,531,200","$3,531,200",
1,20,ATL,,Owen Murphy,SP,18,/,"HS
                    
                    
                    Riverside-Brookfield HS (IL)","$3,409,200","$2,556,900","$852,300"
1,21,SEA,,Cole Young,SS,18,/,"HS
                    
                    
                    North Allegheny HS (PA)","$3,292,900","$3,300,000","-$7,100"
1,22,STL,,Cooper Hjerpe,SP,21,/,"CO
                    
                    
                    Oregon State","$3,182,200","$3,182,200",
1,23,TOR,,Brandon Barriera,SP,18,/,"HS
                    
                    
                    American Heritage HS (FL)","$3,076,900","$3,597,500","-$520,600"
1,24,BOS,,Mikey Romero,SS,18,/,"HS
                    
                    
                    Orange Lutheran HS (CA)","$2,976,400","$2,300,000","$676,400"
1,25,NYY,,Spencer Jones,RF,21,/,"CO
                    
                    
                    Vanderbilt (TN)","$2,880,800","$2,880,800",
1,26,CHW,,Noah Schultz,P,18,/,"HS
                    
                    
                    Oswego East HS (IL)","$2,789,400","$2,800,000","-$10,600"
1,27,MIL,,Eric Brown Jr.,2B,21,/,"CO
                    
                    
                    Coastal Carolina (SC)","$2,701,900","$2,050,000","$651,900"
1,28,HOU,,Drew Gilbert,CF,21,/,"CO
                    
                    
                    Tennessee","$2,621,700","$2,500,000","$121,700"
1,29,TB,,Xavier Isaac,1B,18,/,"HS
                    
                    
                    East Forsyth HS (NC)","$2,548,900","$2,548,900",
1,30,SF,,Reggie Crawford,P,21,/,"CO
                    
                    
                    Connecticut","$2,486,800","$2,297,500","$189,300"
1,31,COL,Comp.,Sterlin Thompson,RF,21,/,"CO
                    
                    
                    Florida","$2,430,500","$2,430,500",
1,32,CIN,Comp.,Sal Stewart,3B,18,/,"HS
                    
                    
                    Westminster Christian (FL)","$2,373,000","$2,097,500","$275,500"
1,33,BAL,Comp. Bal.,Dylan Beavers,RF,20,/,"CO
                    
                    
                    California-Berkeley","$2,315,100","$2,200,000","$115,100"
1,34,ARI,Comp. Bal.,Landon Sims,RP,21,/,"CO
                    
                    
                    Mississippi State","$2,258,300","$2,347,050","-$88,750"
1,35,ATL,Comp. Bal.                   KC > ATL,JR Ritchie,P,19,R / R,"HS
                    
                    
                    Bainbridge HS (WA)","$2,203,200","$2,400,000","-$196,800"
1,36,PIT,Comp. Bal.,Thomas Harrington,P,21,/,"CO
                    
                    
                    Campbell (NC)","$2,150,300","$2,050,000","$100,300"
1,37,CLE,Comp. Bal.,Justin Campbell,SP,21,/,"CO
                    
                    
                    Oklahoma State","$2,101,800","$1,700,000","$401,800"
1,38,COL,Comp. Bal.,Jordan Beck,OF,21,/,"CO
                    
                    
                    Tennessee","$2,052,300","$2,200,000","-$147,700"
1,39,SD,Comp. Bal.,Robby Snelling,SP,18,/,"HS
                    
                    
                    McQueen HS (NV)","$2,004,500","$3,000,000","-$995,500"
2,40,LAD,,Dalton Rushing,C,21,/,"CO
                    
                    
                    Louisville","$1,951,900","$1,959,390","-$7,490"
2,41,BOS,Comp.,Cutter Coffey,3B,18,/,"HS
                    
                    
                    Liberty HS (CA)","$1,906,500","$1,850,000","$56,500"
2,42,BAL,,Max Wagner,3B,20,/,"CO
                    
                    
                    Clemson","$1,861,900","$1,900,000","-$38,100"
2,43,ARI,,Ivan Melendez,1B,22,/,"CO
                    
                    
                    Texas","$1,818,500","$1,400,000","$418,500"
2,44,PIT,,Hunter Barco,SP,21,/,"CO
                    
                    
                    Florida","$1,776,100","$1,525,000","$251,100"
2,45,WSH,,Jake Bennett,P,21,/,"CO
                    
                    
                    Oklahoma","$1,734,800","$1,734,800",
2,46,MIA,,Jacob Miller,SP,18,/,"HS
                    
                    
                    Liberty Union HS (OH)","$1,700,400","$1,700,400",
2,47,CHC,,Jackson Ferris,SP,18,/,"HS
                    
                    
                    IMG Academy (FL)","$1,661,200","$3,005,000","-$1,343,800"
2,48,MIN,,Connor Prielipp,SP,21,/,"CO
                    
                    
                    Alabama","$1,622,700","$1,825,000","-$202,300"
2,49,KC,,Cayden Wallace,3B,20,/,"CO
                    
                    
                    Arkansas","$1,584,900","$1,700,000","-$115,100"
2,50,COL,,Jackson Cox,SP,18,/,"HS
                    
                    
                    Toutle Lake HS (WA)","$1,545,300","$1,850,000","-$304,700"
2,51,DET,,Peyton Graham,3B,21,/,"CO
                    
                    
                    Oklahoma","$1,510,600","$1,800,000","-$289,400"
2,52,NYM,,Blade Tidwell,SP,21,/,"CO
                    
                    
                    Tennessee","$1,475,100","$1,850,000","-$374,900"
2,53,SD,,Adam Mazur,SP,21,/,"CO
                    
                    
                    Iowa","$1,440,600","$1,250,000","$190,600"
2,54,CLE,,Parker Messick,SP,21,/,"CO
                    
                    
                    Florida State","$1,407,100","$1,300,000","$107,100"
2,55,CIN,,Logan Tanner,C,21,/,"CO
                    
                    
                    Mississippi State","$1,374,000","$1,030,500","$343,500"
2,56,OAK,,Henry Bolte,OF,18,/,"HS
                    
                    
                    Palo Alto HS (CA)","$1,341,900","$2,000,000","-$658,100"
2,57,ATL,,Cole Phillips,P,19,/,"HS
                    
                    
                    Boerne HS (TX)","$1,307,300","$1,497,500","-$190,200"
2,58,SEA,,Tyler Locklear,1B,21,/,"CO
                    
                    
                    Virginia Commonwealth","$1,276,500","$1,276,500",
2,59,STL,,Brycen Mautz,SP,21,/,"CO
                    
                    
                    San Diego (CA)","$1,246,200","$1,100,000","$146,200"
2,60,TOR,,Josh Kasevich,3B,21,/,"CO
                    
                    
                    Oregon","$1,216,700","$1,000,000","$216,700"
2,61,NYY,,Drew Thorpe,SP,21,L / R,"CO
                    
                    
                    California State Poly-San Luis Obis...","$1,187,600","$1,187,600",
2,62,CHW,,Peyton Pallette,SP,21,/,"CO
                    
                    
                    Arkansas","$1,159,200","$1,500,000","-$340,800"
2,63,MIL,,Jacob Misiorowski,SP,20,/,"JC
                    
                    
                    Crowder JC (MO)","$1,131,500","$2,350,000","-$1,218,500"
2,64,HOU,,Jacob Melton,CF,21,/,"CO
                    
                    
                    Oregon State","$1,104,100","$1,000,000","$104,100"
2,65,TB,,Brock Jones,RF,21,/,"CO
                    
                    
                    Stanford (CA)","$1,077,600","$1,077,600",
2,66,SF,,Carson Whisenhunt,SP,21,/,"CO
                    
                    
                    East Carolina (NC)","$1,054,700","$1,868,720","-$814,020"
2,67,BAL,Comp. Bal.                   MIA > BAL,Jud Fabian,CF,21,/,"CO
                    
                    
                    Florida","$1,026,800","$1,026,800",
2,68,MIN,Comp. Bal.,Tanner Schobel,SS,21,/,"CO
                    
                    
                    Virginia Tech","$1,002,000","$1,002,000",
2,69,OAK,Comp. Bal.,Clark Elliott,RF,21,/,"CO
                    
                    
                    Michigan","$977,500","$900,000","$77,500"
2,70,TB,Comp. Bal.,Chandler Simpson,2B,21,/,"CO
                    
                    
                    Georgia Tech","$953,300","$750,000","$203,300"
2,71,TB,Comp. Bal.                   DET > TB,Ryan Cermak,RF,21,/,"CO
                    
                    
                    Illinois State","$929,500","$750,000","$179,500"
2,72,MIL,Comp. Bal.,Robert Moore,2B,20,/,"CO
                    
                    
                    Arkansas","$915,300","$800,000","$115,300"
2,73,CIN,Comp. Bal.,Justin Boyd,OF,21,/,"CO
                    
                    
                    Oregon State","$901,300","$850,000","$51,300"
2,74,SEA,Comp. Bal.,Walter Ford,P,17,/,"HS
                    
                    
                    Pace HS (FL)","$887,400","$1,250,000","-$362,600"
2,75,NYM,Comp.,Nick Morabito,2B,19,/,"HS
                    
                    
                    Gonzaga HS (DC)","$873,700","$1,000,000","-$126,300"
2,76,ATL,Comp.,Blake Burkhalter,P,21,/,"CO
                    
                    
                    Auburn (AL)","$860,100","$647,500","$212,600"
2,77,TOR,Comp.,Tucker Toman,2B,18,/,"HS
                    
                    
                    Hammond HS (SC)","$846,900","$2,000,000","-$1,153,100"
2,78,TOR,Comp.,Cade Doughty,2B,21,/,"CO
                    
                    
                    Louisiana State","$833,600","$833,600",
2,79,BOS,Comp.,Roman Anthony,OF,18,/,"HS
                    
                    
                    Stoneman Douglas HS (FL)","$820,400","$2,500,000","-$1,679,600"
2,80,HOU,Comp.,Andrew Taylor,SP,20,/,"CO
                    
                    
                    Central Michigan","$807,200","$807,200",
2,,BOS,,Forfeit,,-3,/,,-,-,
2,,PHI,,Forfeit,,-3,/,,-,-,
2,,LAA,,Forfeit,,-3,/,,-,-,
2,,LAD,,Forfeit,,-3,/,,-,-,
2,,TEX,,Forfeit,,-3,/,,-,-,
3,81,BAL,,Nolan McLean,RP,20,R / R,"CO
                    
                    
                    Oklahoma State","$794,000",Unsigned,
3,82,ARI,,Nate Savino,SP,20,/,"CO
                    
                    
                    Virginia","$782,400","$700,000","$82,400"
3,83,PIT,,Jack Brannigan,3B,21,/,"CO
                    
                    
                    Notre Dame","$770,700","$770,700",
3,84,WSH,,Trey Lipscomb,3B,22,/,"CO
                    
                    
                    Tennessee","$758,900","$758,900",
3,85,MIA,,Karson Milbrandt,SP,18,/,"HS
                    
                    
                    Liberty HS (MO)","$747,100","$1,500,000","-$752,900"
3,86,CHC,,Christopher Paciolla,SS,18,/,"HS
                    
                    
                    Temecula Valled HS (CA)","$735,500","$900,000","-$164,500"
3,87,KC,,Mason Barnett,P,21,/,"CO
                    
                    
                    Auburn (AL)","$724,600","$697,500","$27,100"
3,88,COL,,Carson Palmquist,RP,21,/,"CO
                    
                    
                    Miami","$713,300","$775,000","-$61,700"
3,89,LAA,,Ben Joyce,RP,21,/,"CO
                    
                    
                    Tennessee","$702,100","$1,000,000","-$297,900"
3,90,NYM,,Brandon Sproat,P,21,R / R,"CO
                    
                    
                    Florida","$691,300",Unsigned,
3,91,SD,,Henry Williams,SP,20,/,"CO
                    
                    
                    Duke","$680,400","$800,000","-$119,600"
3,92,CLE,,Joe Lampe,CF,21,/,"CO
                    
                    
                    Arizona State","$670,200","$800,000","-$129,800"
3,93,PHI,,Gabriel Rincones Jr.,RF,21,/,"CO
                    
                    
                    Florida Atlantic","$660,100","$627,500","$32,600"
3,94,CIN,,Bryce Hubbart,SP,21,/,"CO
                    
                    
                    Florida State","$649,900","$522,500","$127,400"
3,95,OAK,,Colby Thomas,RF,21,/,"CO
                    
                    
                    Mercer","$642,100","$750,000","-$107,900"
3,96,ATL,,Drake Baldwin,C,21,/,"CO
                    
                    
                    Missouri State","$635,800","$633,300","$2,500"
3,97,STL,,Pete Hansen,SP,21,/,"CO
                    
                    
                    Texas","$629,800","$629,800",
3,98,TOR,,Alan Roden,1B,22,/,"CO
                    
                    
                    Creighton (NE)","$623,500","$497,500","$126,000"
3,99,BOS,,Dalton Rogers,RP,21,/,"CO
                    
                    
                    Southern Mississippi","$617,500","$447,500","$170,000"
3,100,NYY,,Trystan Vrieling,SP,21,/,"CO
                    
                    
                    Gonzaga","$611,400","$611,400",
3,101,CHW,,Jonathan Cannon,SP,22,/,"CO
                    
                    
                    Georgia","$606,600","$925,000","-$318,400"
3,102,MIL,,Dylan O'Rae,SS,18,/,"HS
                    
                    
                    Northern Collegiate HS (ON)","$600,700","$597,500","$3,200"
3,103,HOU,,Michael Knorr,SP,22,/,"CO
                    
                    
                    Coastal Carolina (SC)","$594,600","$487,500","$107,100"
3,104,TB,,Trevor Martin,P,21,/,"CO
                    
                    
                    Oklahoma State","$588,700","$586,200","$2,500"
3,105,LAD,,Alex Freeland,SS,20,/,"CO
                    
                    
                    Central Florida","$582,700","$580,200","$2,500"
3,106,SF,,William Kempner,RP,21,/,"CO
                    
                    
                    Gonzaga","$577,200","$525,000","$52,200"
3,,SEA,,Forfeit,,-3,/,,-,-,
3,,DET,,Forfeit,,-3,/,,-,-,
3,,MIN,,Forfeit,,-3,/,,-,-,
4,107,BAL,,Silas Ardoin,C,21,/,"CO
                    
                    
                    Texas","$571,400","$571,400",
4,108,ARI,,Dylan Ray,P,21,/,"CO
                    
                    
                    Alabama","$565,800","$565,800",
4,109,TEX,,Brock Porter,SP,19,/,"HS
                    
                    
                    Orchard Lake St. Mary's HS (MI)","$560,200","$3,700,000","-$3,139,800"
4,110,PIT,,Michael Kennedy,SP,17,/,"HS
                    
                    
                    Troy HS (NY)","$554,800","$1,000,000","-$445,200"
4,111,WSH,,Brenner Cox,OF,18,/,"HS
                    
                    
                    Rock Hill HS (TX)","$549,300","$1,000,000","-$450,700"
4,112,MIA,,Marcus Johnson,RP,21,/,"CO
                    
                    
                    Duke","$543,800","$510,000","$33,800"
4,113,CHC,,Nazier Mule,RP,17,/,"HS
                    
                    
                    Passaic County Technical Institute ...","$538,600","$1,000,000","-$461,400"
4,114,MIN,,Andrew Morris,RP,20,/,"CO
                    
                    
                    Texas Tech","$533,300","$500,000","$33,300"
4,115,KC,,Steven Zobac,SP,21,/,"CO
                    
                    
                    California-Berkeley","$528,000","$500,000","$28,000"
4,116,COL,,Ryan Ritter,SS,21,/,"CO
                    
                    
                    Kentucky","$522,900","$530,000","-$7,100"
4,117,DET,,Troy Melton,P,21,/,"CO
                    
                    
                    San Diego State (CA)","$517,900","$517,900",
4,118,LAA,,Jake Madden,RP,20,/,"JC
                    
                    
                    Northwest Florida State JC","$512,900","$997,500","-$484,600"
4,119,NYM,,Jacob Reimer,3B,18,/,"HS
                    
                    
                    Yucaipa HS (CA)","$507,700","$775,000","-$267,300"
4,120,SD,,Lamar King Jr.,C,18,/,"HS
                    
                    
                    Calvert Hall College HS (MD)","$502,800","$502,800",
4,121,CLE,,Nate Furman,2B,20,/,"CO
                    
                    
                    North Carolina-Charlotte","$497,900","$300,000","$197,900"
4,122,PHI,,Alexander McFarlane,P,21,/,"CO
                    
                    
                    Miami (FL)","$493,000","$575,000","-$82,000"
4,123,CIN,,Kenya Huggins,SP,19,/,"JC
                    
                    
                    Chipola JC (FL)","$488,300","$407,500","$80,800"
4,124,OAK,,Jacob Watters,RP,21,/,"CO
                    
                    
                    West Virginia","$483,500","$491,750","-$8,250"
4,125,ATL,,David McCabe,1B,22,/,"CO
                    
                    
                    North Carolina-Charlotte","$478,900","$476,400","$2,500"
4,126,SEA,,Ashton Izzi,P,18,/,"HS
                    
                    
                    Oswego East HS (IL)","$474,900","$1,100,000","-$625,100"
4,127,STL,,Jimmy Crooks III,C,21,/,"CO
                    
                    
                    Oklahoma","$470,300","$470,300",
4,128,TOR,,Ryan Jennings,P,23,/,"CO
                    
                    
                    Louisiana Tech","$465,600","$70,000","$395,600"
4,129,BOS,,Chase Meidroth,2B,20,/,"CO
                    
                    
                    San Diego (CA)","$461,200","$272,500","$188,700"
4,130,NYY,,Anthony Hall,RF,21,/,"CO
                    
                    
                    Oregon","$456,500","$456,500",
4,131,CHW,,Jordan Sprinkle,2B,21,/,"CO
                    
                    
                    California-Santa Barbara","$452,900","$452,900",
4,132,MIL,,Matthew Wood,C,21,/,"CO
                    
                    
                    Pennsylvania State","$448,400","$347,500","$100,900"
4,133,HOU,,Trey Dombroski,SP,21,/,"CO
                    
                    
                    Monmouth","$443,900","$443,900",
4,134,TB,,Dominic Keegan,1B,21,/,"CO
                    
                    
                    Vanderbilt (TN)","$439,600","$397,500","$42,100"
4,135,LAD,,Nick Biddison,OF,21,/,"CO
                    
                    
                    Virginia Tech","$435,200","$382,500","$52,700"
4,136,SF,,Spencer Miles,P,21,/,"CO
                    
                    
                    Missouri","$431,100","$347,500","$83,600"
5,137,BAL,,Trace Bright,SP,21,/,"CO
                    
                    
                    Auburn (AL)","$426,800","$400,000","$26,800"
5,138,ARI,,Andrew Pintar,2B,21,/,"CO
                    
                    
                    Brigham Young (UT)","$422,600","$316,950","$105,650"
5,139,TEX,,Chandler Pollard,3B,18,/,"HS
                    
                    
                    Woodward Academy (GA)","$418,500","$418,500",
5,140,PIT,,Tres Gonzalez,LF,21,/,"CO
                    
                    
                    Georgia Tech","$414,600","$347,500","$67,100"
5,141,WSH,,Jared McKenzie,CF,21,/,"CO
                    
                    
                    Baylor (TX)","$410,500","$410,500",
5,142,MIA,,Josh White,RP,21,/,"CO
                    
                    
                    California-Berkeley","$406,500","$406,500",
5,143,CHC,,Brandon Birdsell,RP,22,/,"CO
                    
                    
                    Texas Tech","$402,400","$385,000","$17,400"
5,144,MIN,,Ben Ross,SS,21,/,"CO
                    
                    
                    Notre Dame College","$398,500","$220,000","$178,500"
5,145,KC,,Hunter Patteson,SP,22,/,"CO
                    
                    
                    Central Florida","$394,500","$394,500",
5,146,COL,,Connor Staine,SP,21,/,"CO
                    
                    
                    Central Florida","$390,800","$400,000","-$9,200"
5,147,DET,,Luke Gold,2B,21,/,"CO
                    
                    
                    Boston College (MA)","$386,900","$386,900",
5,148,LAA,,Sonny DiChiara,1B,22,/,"CO
                    
                    
                    Auburn (AL)","$383,200","$172,500","$210,700"
5,149,NYM,,D'Andre Smith,2B,21,/,"CO
                    
                    
                    Southern California","$379,400","$379,400",
5,150,SD,,Nathan Martorella,1B,21,/,"CO
                    
                    
                    California-Berkeley","$375,500","$325,000","$50,500"
5,151,CLE,,Guy Lipscomb Jr.,OF,21,/,"CO
                    
                    
                    Belmont (TN)","$371,800","$275,000","$96,800"
5,152,PHI,,Orion Kerkering,RP,21,/,"CO
                    
                    
                    South Florida","$368,300","$322,500","$45,800"
5,153,CIN,,Cade Hunter,C,21,/,"CO
                    
                    
                    Virginia Tech","$364,600","$364,600",
5,154,OAK,,Jack Perkins,SP,22,/,"CO
                    
                    
                    Indiana","$361,000","$270,750","$90,250"
5,155,ATL,,Ignacio Alvarez,3B,19,/,"JC
                    
                    
                    Riverside JC (CA)","$357,400","$497,500","-$140,100"
5,156,SEA,,Reid VanScoter,P,23,/,"CO
                    
                    
                    Coastal Carolina (SC)","$353,900","$20,000","$333,900"
5,157,STL,,Victor Scott II,OF,21,/,"CO
                    
                    
                    West Virginia","$350,400","$350,400",
5,158,TOR,,Mason Fluharty,RP,20,/,"CO
                    
                    
                    Liberty (VA)","$347,000","$222,500","$124,500"
5,159,BOS,,Noah Dean,RP,21,/,"CO
                    
                    
                    Old Dominion (VA)","$344,000","$325,000","$19,000"
5,160,NYY,,Eric Reyzelman,P,21,/,"CO
                    
                    
                    Louisiana State","$340,700","$340,700",
5,161,CHW,,Tyler Schweitzer,P,21,/,"CO
                    
                    
                    Ball State (IN)","$337,600","$325,000","$12,600"
5,162,MIL,,Will Rudy,P,21,/,"CO
                    
                    
                    California State Poly-Pomona","$334,500","$150,000","$184,500"
5,163,HOU,,Nolan DeVos,P,21,/,"CO
                    
                    
                    Davidson (NC)","$331,600","$197,500","$134,100"
5,164,TB,,Jalen Battles,SS,22,/,"CO
                    
                    
                    Arkansas","$328,400","$247,500","$80,900"
5,165,LAD,,Sean McLain,SS,21,/,"CO
                    
                    
                    Arizona State","$325,400","$322,900","$2,500"
5,166,SF,,Liam Simon,P,21,/,"CO
                    
                    
                    Notre Dame","$322,600","$317,500","$5,100"
6,167,BAL,,Douglas Hodo III,OF,21,/,"CO
                    
                    
                    Texas","$319,800","$305,000","$14,800"
6,168,ARI,,Will Mabrey,RP,21,/,"CO
                    
                    
                    Tennessee","$317,100","$225,000","$92,100"
6,169,TEX,,Tommy Specht,OF,18,/,"HS
                    
                    
                    Wahlert HS (IA)","$314,400","$450,000","-$135,600"
6,170,PIT,,Derek Diamond,P,21,/,"CO
                    
                    
                    Mississippi","$311,600","$311,600",
6,171,WSH,,Nathaniel Ochoa Leyva,SS,19,/,"HS
                    
                    
                    Notre Dame Catholic SS (ON)","$308,900","$375,000","-$66,100"
6,172,MIA,,Jared Poland,SP,22,/,"CO
                    
                    
                    Louisville","$306,400","$149,000","$157,400"
6,173,CHC,,Will Frisch,P,22,/,"CO
                    
                    
                    Oregon State","$303,900","$228,000","$75,900"
6,174,MIN,,Jorel Ortega,2B,21,/,"CO
                    
                    
                    Tennessee","$301,200","$250,000","$51,200"
6,175,KC,,Hayden Dunhurst,C,21,/,"CO
                    
                    
                    Mississippi","$298,800","$300,000","-$1,200"
6,176,COL,,Michael Prosecky,P,21,/,"CO
                    
                    
                    Louisville (KY)","$296,300","$300,000","-$3,700"
6,177,DET,,Danny Serretti,SS,22,/,"CO
                    
                    
                    North Carolina","$293,900","$293,900",
6,178,LAA,,Victor Mederos,P,21,/,"CO
                    
                    
                    Oklahoma State","$291,400","$227,750","$63,650"
6,179,NYM,,Tyler Stuart,P,22,/,"CO
                    
                    
                    Southern Mississippi","$288,900","$220,000","$68,900"
6,180,SD,,Jakob Marsee,OF,21,/,"CO
                    
                    
                    Central Michigan","$286,500","$250,000","$36,500"
6,181,CLE,,Dylan DeLucia,P,21,/,"CO
                    
                    
                    Mississippi","$284,200","$275,000","$9,200"
6,182,PHI,,Mavis Graves,P,18,/,"HS
                    
                    
                    Eastside HS (SC)","$282,000","$247,500","$34,500"
6,183,CIN,,Zach Maxwell,P,21,/,"CO
                    
                    
                    Georgia Tech","$279,700","$222,500","$57,200"
6,184,OAK,,Brennan Milone,3B,21,/,"CO
                    
                    
                    Oregon","$277,300","$200,000","$77,300"
6,185,ATL,,Seth Keller,P,18,/,"HS
                    
                    
                    Hanover HS (VA)","$275,100","$697,500","-$422,400"
6,186,SEA,,Josh Hood,SS,21,/,"CO
                    
                    
                    North Carolina State","$272,800","$250,000","$22,800"
6,187,STL,,Max Rajcic,P,20,/,"CO
                    
                    
                    California-Los Angeles","$270,700","$600,000","-$329,300"
6,188,TOR,,T.J. Brock,P,22,/,"CO
                    
                    
                    Ohio State","$268,500","$72,500","$196,000"
6,189,BOS,,Alex Hoppe,P,23,/,"CO
                    
                    
                    North Carolina Greensboro","$266,400","$32,250","$234,150"
6,190,NYY,,Chase Hampton,P,20,/,"CO
                    
                    
                    Texas Tech","$264,000","$497,500","-$233,500"
6,191,CHW,,Eric Adler,P,21,/,Wake Forest,"$261,800",-,
6,192,MIL,,Tyler Woessner,P,22,/,"JC
                    
                    
                    Central Arizona JC","$259,700","$100,000","$159,700"
6,193,HOU,,Colin Price,C,22,/,"CO
                    
                    
                    Mercer","$257,500","$122,500","$135,000"
6,194,TB,,Gary Gill Hill,P,17,/,"HS
                    
                    
                    John F. Kennedy Catholic HS (NY)","$255,500","$597,500","-$342,000"
6,195,LAD,,Logan Wagner,SS,18,/,"HS
                    
                    
                    P27 Academy (SC)","$253,400","$600,000","-$346,600"
6,196,SF,,Hayden Birdsong,P,20,/,"CO
                    
                    
                    Eastern Illinois","$251,300","$187,500","$63,800"
7,197,BAL,,Preston Johnson,P,22,/,"CO
                    
                    
                    Mississippi State","$249,200","$325,000","-$75,800"
7,198,ARI,,Demetrio Crisantes,SS,17,/,"HS
                    
                    
                    Nogales HS (AZ)","$247,200","$425,000","-$177,800"
7,199,TEX,,Luis Ramirez,P,21,/,"CO
                    
                    
                    California State-Long Beach","$245,000","$250,000","-$5,000"
7,200,PIT,,J.P. Massey,P,22,/,"CO
                    
                    
                    Minnesota","$243,000","$150,000","$93,000"
7,201,WSH,,Riley Cornelio,P,22,/,"CO
                    
                    
                    Texas Christian","$241,600","$241,600",
7,202,MIA,,Kyle Crigger,P,23,/,"CO
                    
                    
                    Louisiana Tech","$239,500","$37,500","$202,000"
7,203,CHC,,Nick Hull,P,22,/,"CO
                    
                    
                    Grand Canyon University","$237,500","$25,000","$212,500"
7,204,MIN,,Kyle Jones,P,22,/,"CO
                    
                    
                    Toledo (OH)","$235,600","$176,700","$58,900"
7,205,KC,,Mack Anglin,P,22,/,"CO
                    
                    
                    Clemson","$233,600","$231,100","$2,500"
7,206,COL,,Kody Huff,C,21,/,"CO
                    
                    
                    Stanford (CA)","$231,600","$231,600",
7,207,DET,,Seth Stephenson,OF,21,/,"CO
                    
                    
                    Tennessee","$229,800","$300,000","-$70,200"
7,208,LAA,,Roman Phansalkar,P,24,/,"CO
                    
                    
                    Oklahoma State","$227,800","$27,500","$200,300"
7,209,NYM,,Jonah Tong,P,19,/,"HS
                    
                    
                    Bill Crothers SS (ON)","$226,000","$226,000",
7,210,SD,,Nick Vogt,OF,21,/,"CO
                    
                    
                    California-Santa Barbara","$224,300","$200,000","$24,300"
7,211,CLE,,Javier Santos,P,19,/,"HS
                    
                    
                    Georgia Premier Academy (GA)","$222,400","$125,000","$97,400"
7,212,PHI,,Caleb Ricketts,C,22,/,"CO
                    
                    
                    San Diego (CA)","$220,600","$218,100","$2,500"
7,213,CIN,,Trey Faltine,SS,21,/,"CO
                    
                    
                    Texas","$219,000","$200,000","$19,000"
7,214,OAK,,Yeniel Laboy,3B,18,/,"HS
                    
                    
                    Carlos Beltran Baseball Academy (PR...","$217,200","$175,000","$42,200"
7,215,ATL,,Adam Maier,P,20,/,"CO
                    
                    
                    Oregon","$215,400","$1,200,000","-$984,600"
7,216,SEA,,Hogan Windish,2B,23,/,"CO
                    
                    
                    North Carolina Greensboro","$213,900","$20,000","$193,900"
7,217,STL,,Alex Iadisernia,OF,21,/,"CO
                    
                    
                    Elon","$212,000","$212,000",
7,218,TOR,,Peyton Williams,1B,21,/,"CO
                    
                    
                    Iowa","$210,500","$197,500","$13,000"
7,219,BOS,,Caleb Bolden,P,23,/,"CO
                    
                    
                    Texas Christian","$208,800","$7,500","$201,300"
7,220,NYY,,Cam Schlittler,P,21,/,"CO
                    
                    
                    Northeastern","$207,500","$205,000","$2,500"
7,221,CHW,,Mark McLaughlin,P,21,/,"CO
                    
                    
                    Tennessee","$205,800","$150,000","$55,800"
7,222,MIL,,Ben Metzinger,3B,23,/,"CO
                    
                    
                    Louisville","$204,500","$97,500","$107,000"
7,223,HOU,,A.J. Blubaugh,P,22,/,"CO
                    
                    
                    Milwaukee","$202,900","$172,500","$30,400"
7,224,TB,,Blake Robertson,1B,21,/,"CO
                    
                    
                    Oklahoma","$201,400","$198,900","$2,500"
7,225,LAD,,Christopher Campos,SS,21,/,"CO
                    
                    
                    St. Mary's College (CA)","$199,900","$197,500","$2,400"
7,226,SF,,Zach Morgan,C,22,/,"CO
                    
                    
                    California State-Fresno","$198,700","$122,500","$76,200"
8,227,BAL,,Cameron Weston,P,21,/,"CO
                    
                    
                    Michigan","$197,400","$197,400",
8,228,ARI,,Adrian Rodriguez,SS,18,/,"HS
                    
                    
                    International Baseball Academy (PR)","$196,000","$196,000",
8,229,TEX,,Matt Brosky,P,22,/,"CO
                    
                    
                    Youngstown State (OH)","$194,300","$5,000","$189,300"
8,230,PIT,,Cy Nielson,P,21,/,"CO
                    
                    
                    Brigham Young (UT)","$193,200","$175,000","$18,200"
8,231,WSH,,Chance Huff,P,22,/,"CO
                    
                    
                    Georgia Tech","$191,700","$191,700",
8,232,MIA,,Dale Stanavich,P,23,/,"CO
                    
                    
                    Rutgers (NJ)","$190,600","$47,500","$143,100"
8,233,CHC,,Mason McGwire,P,18,/,"HS
                    
                    
                    Capistrano Valley HS (CA)","$189,100","$200,000","-$10,900"
8,234,MIN,,Zebby Matthews,P,22,/,"CO
                    
                    
                    Western Carolina (NC)","$187,900","$125,000","$62,900"
8,235,KC,,Wesley Scott,P,21,/,"JC
                    
                    
                    Walters State JC (TN)","$186,500","$184,000","$2,500"
8,236,COL,,Davis Palermo,P,22,/,"CO
                    
                    
                    North Carolina","$185,300","$175,000","$10,300"
8,237,DET,,Jake Miller,P,21,/,"CO
                    
                    
                    Valparaiso (IN)","$184,000","$150,000","$34,000"
8,238,LAA,,Dylan Phillips,OF,23,/,"CO
                    
                    
                    Kansas State","$182,900","$42,500","$140,400"
8,239,NYM,,Dylan Tebrake,P,23,/,"CO
                    
                    
                    Creighton (NE)","$181,900","$136,425","$45,475"
8,240,SD,,Griffin Doersching,1B,23,/,"CO
                    
                    
                    Oklahoma State","$180,900","$25,000","$155,900"
8,241,CLE,,Jackson Humphries,P,18,/,"HS
                    
                    
                    Fuquay-Varina HS (NC)","$180,000","$600,000","-$420,000"
8,242,PHI,,Alex Rao,P,22,/,"CO
                    
                    
                    Notre Dame","$179,000","$72,500","$106,500"
8,243,CIN,,Chris McElvain,P,21,/,"CO
                    
                    
                    Vanderbilt (TN)","$178,200","$178,200",
8,244,OAK,,Micah Dallas,P,22,/,"CO
                    
                    
                    Texas A&M","$177,100","$125,000","$52,100"
8,245,ATL,,Jason Franks,P,23,/,"CO
                    
                    
                    California State Poly-San Luis Obis...","$176,400","$2,500","$173,900"
8,246,SEA,,Tatem Levins,C,23,/,"CO
                    
                    
                    Pittsburgh","$175,600","$50,000","$125,600"
8,247,STL,,Cade Winquest,P,22,/,"CO
                    
                    
                    Texas-Arlington","$174,600","$174,600",
8,248,TOR,,Dylan Rock,OF,23,/,"CO
                    
                    
                    Texas A&M","$173,900","$22,500","$151,400"
8,249,BOS,,Jonathan Brand,P,22,/,"CO
                    
                    
                    Miami (OH)","$173,200","$7,500","$165,700"
8,250,NYY,,Brett Barrera,SS,21,/,"CO
                    
                    
                    Stanford (CA)","$172,300","$135,000","$37,300"
8,251,CHW,,Mario Camilletti,2B,23,/,"CO
                    
                    
                    Central Michigan","$171,800","$20,000","$151,800"
8,252,MIL,,Nate Peterson,P,22,/,"CO
                    
                    
                    Illinois-Chicago","$171,100","$167,500","$3,600"
8,253,HOU,,Tyler Guilfoil,P,22,/,"CO
                    
                    
                    Kentucky","$170,300","$122,500","$47,800"
8,254,TB,,Sean Harney,P,24,/,"CO
                    
                    
                    Kentucky","$169,700","$47,500","$122,200"
8,255,LAD,,Taylor Young,2B,23,/,"CO
                    
                    
                    Louisiana Tech","$169,100","$7,500","$161,600"
8,256,SF,,Wade Meckler,OF,22,/,"CO
                    
                    
                    Oregon State","$168,500","$97,500","$71,000"
9,257,BAL,,Adam Crampton,SS,21,/,"CO
                    
                    
                    Stanford (CA)","$167,900","$125,000","$42,900"
9,258,ARI,,Gavin Logan,C,22,/,"CO
                    
                    
                    Oregon State","$167,400","$75,000","$92,400"
9,259,TEX,,Griffin Cheney,SS,23,/,"CO
                    
                    
                    Georgia State","$166,700","$1,000","$165,700"
9,260,PIT,,Mike Walsh,P,21,/,"CO
                    
                    
                    Yale (CT)","$166,200","$147,500","$18,700"
9,261,WSH,,Max Romero,C,21,/,"CO
                    
                    
                    Miami (FL)","$165,700","$165,700",
9,262,MIA,,Evan Taylor,P,22,/,"CO
                    
                    
                    Arkansas","$165,300","$140,000","$25,300"
9,263,CHC,,Connor Noland,P,23,/,"CO
                    
                    
                    Arkansas","$164,600","$200,000","-$35,400"
9,264,MIN,,Cory Lewis,P,21,/,"CO
                    
                    
                    California-Santa Barbara","$164,100","$140,000","$24,100"
9,265,KC,,Brandon Johnson,P,23,/,"CO
                    
                    
                    Mississippi","$163,800","$47,500","$116,300"
9,266,COL,,Brad Cumbest,OF,22,/,"CO
                    
                    
                    Mississippi State","$163,300","$163,300",
9,267,DET,,Andrew Jenkins,1B,21,/,"CO
                    
                    
                    Georgia Tech","$162,900","$162,900",
9,268,LAA,,Joe Stewart,OF,24,/,"CO
                    
                    
                    Michigan","$162,500","$7,500","$155,000"
9,269,NYM,,Chase Estep,3B,22,/,"CO
                    
                    
                    Kentucky","$162,000","$125,000","$37,000"
9,270,SD,,Dylan Nedved,P,23,/,"CO
                    
                    
                    Iowa","$161,500","$20,000","$141,500"
9,271,CLE,,Austin Peterson,P,22,/,"CO
                    
                    
                    Connecticut","$161,200","$125,000","$36,200"
9,272,PHI,,Chad Castillo,OF,22,/,"CO
                    
                    
                    California Baptist","$160,800","$22,500","$138,300"
9,273,CIN,,Rob Hensey,P,21,/,"CO
                    
                    
                    Monmouth","$160,400","$47,500","$112,900"
9,274,OAK,,Caeden Trenkle,CF,21,/,"CO
                    
                    
                    Oklahoma State","$160,100","$130,000","$30,100"
9,275,ATL,,Cory Acton,2B,23,/,"CO
                    
                    
                    Georgia","$159,800","$2,500","$157,300"
9,276,SEA,,Tyler Gough,P,18,/,"HS
                    
                    
                    JSerra Catholic HS (CA)","$159,400","$275,000","-$115,600"
9,277,STL,,Joseph King,P,21,/,"CO
                    
                    
                    California-Berkeley","$159,100","$125,000","$34,100"
9,278,TOR,,Devereaux Harrison,P,21,/,"CO
                    
                    
                    California State-Long Beach","$158,600","$122,500","$36,100"
9,279,BOS,,Brooks Brannon,C,18,/,"HS
                    
                    
                    Randleman HS (NC)","$158,200","$712,500","-$554,300"
9,280,NYY,,Matt Keating,P,21,/,"CO
                    
                    
                    Southern California","$158,000","$122,500","$35,500"
9,281,CHW,,Michael Turner,C,23,/,"CO
                    
                    
                    Arkansas","$157,800","$35,000","$122,800"
9,282,MIL,,Tayden Hall,C,19,/,"JC
                    
                    
                    State JC of Florida","$157,500","$157,500",
9,283,HOU,,Brett Gillis,P,22,/,"CO
                    
                    
                    Portland","$157,200","$97,500","$59,700"
9,284,TB,,Chris Villaman,P,21,/,"CO
                    
                    
                    North Carolina State","$157,000","$325,000","-$168,000"
9,285,LAD,,Brandon Neeck,P,22,/,"CO
                    
                    
                    Virginia","$156,600","$27,500","$129,100"
9,286,SF,,Jack Choate,P,21,/,"CO
                    
                    
                    Assumption (MA)","$156,000","$87,500","$68,500"
10,287,BAL,,Wyatt Cheney,P,21,/,"JC
                    
                    
                    McLennan JC (TX)","$155,800","$150,000","$5,800"
10,288,ARI,,Brett Johnson,OF,22,/,"CO
                    
                    
                    Southern Illinois-Edwardsville","$155,500","$196,000","-$40,500"
10,289,TEX,,Josh Hatcher,OF,23,/,"CO
                    
                    
                    Kennesaw State","$155,300","$1,000","$154,300"
10,290,PIT,,Tanner Tredaway,OF,22,/,"CO
                    
                    
                    Oklahoma","$155,000","$47,500","$107,500"
10,291,WSH,,Murphy Stehly,3B,23,/,"CO
                    
                    
                    Texas","$154,800","$10,000","$144,800"
10,292,MIA,,Cade Gibson,P,24,/,"CO
                    
                    
                    Louisiana Tech","$154,600","$12,500","$142,100"
10,293,CHC,,Brody McCullough,P,22,/,"CO
                    
                    
                    Wingate (NC)","$154,300","$125,000","$29,300"
10,294,MIN,,Dalton Shuffield,SS,23,/,"CO
                    
                    
                    Texas State","$153,800","$20,000","$133,800"
10,295,KC,,Levi Usher,OF,22,/,"CO
                    
                    
                    Louisville (KY)","$153,600","$72,500","$81,100"
10,296,COL,,Zach Agnos,P,21,/,"CO
                    
                    
                    East Carolina","$153,200","$165,000","-$11,800"
10,297,DET,,Trevin Michael,P,24,/,"CO
                    
                    
                    Oklahoma","$153,000","$50,000","$103,000"
10,298,LAA,,Matt Coutney,1B,23,/,"CO
                    
                    
                    Old Dominion (VA)","$152,800","$7,500","$145,300"
10,299,NYM,,Zebulon Vermillion,P,23,/,"CO
                    
                    
                    Arkansas","$152,500","$20,000","$132,500"
10,300,SD,,Jackson Smeltz,P,23,/,"CO
                    
                    
                    Purdue","$152,200","$25,000","$127,200"
10,301,CLE,,Jacob Zibin,P,17,/,"HS
                    
                    
                    TNXL Academy (FL)","$152,000","$1,200,000","-$1,048,000"
10,302,PHI,,Gustavo Sosa,C,21,/,"JC
                    
                    
                    South Mountain JC (AZ)","$151,800","$72,500","$79,300"
10,303,CIN,,Brody Jessee,P,21,/,"CO
                    
                    
                    Gonzaga","$151,500","$132,500","$19,000"
10,304,OAK,,Brock Rodden,2B,22,S / R,"CO
                    
                    
                    Wichita State (KS)","$151,300",Unsigned,
10,305,ATL,,Andrew Keck,C,22,/,"CO
                    
                    
                    Southeast Missouri State","$151,000","$2,500","$148,500"
10,306,SEA,,Bill Knight,OF,22,/,"CO
                    
                    
                    Mercer","$150,900","$50,000","$100,900"
10,307,STL,,Tanner Jacobson,P,22,/,"CO
                    
                    
                    Queens University of Charlotte (NC)","$150,600","$25,000","$125,600"
10,308,TOR,,Ian Churchill,P,23,/,"CO
                    
                    
                    San Diego (CA)","$150,400","$7,500","$142,900"
10,309,BOS,,Isaac Coffey,P,22,/,"CO
                    
                    
                    Oral Roberts (OK)","$150,000","$7,500","$142,500"
10,310,NYY,,Will Brian,P,23,/,"CO
                    
                    
                    Eastern Kentucky","$149,800","$57,500","$92,300"
10,311,CHW,,Tim Elko,1B,23,/,"CO
                    
                    
                    Mississippi","$149,600","$35,000","$114,600"
10,312,MIL,,Brian Fitzpatrick,P,22,/,"CO
                    
                    
                    Rutgers (NJ)","$149,600","$100,000","$49,600"
10,313,HOU,,Zach Cole Jr.,OF,21,/,"CO
                    
                    
                    Ball State (IN)","$149,600","$97,500","$52,100"
10,314,TB,,Cade Halemanu,P,21,/,"CO
                    
                    
                    Hawaii","$149,600","$122,500","$27,100"
10,315,LAD,,Simon Reid,C,21,/,"CO
                    
                    
                    Westmont College (CA)","$149,600","$2,500","$147,100"
10,316,SF,,John Bertrand,P,24,/,"CO
                    
                    
                    Notre Dame","$149,500","$47,500","$102,000"
11,317,BAL,,Zack Showalter,P,18,/,"HS
                    
                    
                    Wesley Chapel HS (FL)","$125,000","$440,000","-$315,000"
11,318,ARI,,Spencer Giesting,P,21,/,"CO
                    
                    
                    North Carolina Charlotte","$125,000","$400,000","-$275,000"
11,319,TEX,,Kohl Drake,P,22,/,"JC
                    
                    
                    Walters State JC (TN)","$125,000","$175,000","-$50,000"
11,320,PIT,,Dominic Perachi,P,21,/,"CO
                    
                    
                    Salve Regina (RI)","$125,000","$125,000",
11,321,WSH,,Luke Young,P,20,/,"JC
                    
                    
                    Midland JC (TX)","$125,000","$250,000","-$125,000"
11,322,MIA,,Alex Williams,P,22,/,"CO
                    
                    
                    Stanford (CA)","$125,000","$125,000",
11,323,CHC,,Branden Noriega,P,21,/,HS,"$125,000","$125,000",
11,324,MIN,,Andrew Cossetti,C,22,/,"CO
                    
                    
                    St. Joseph's (PA)","$125,000","$125,000",
11,325,KC,,David Sandlin,P,21,/,"CO
                    
                    
                    Oklahoma","$125,000","$400,000","-$275,000"
11,326,COL,,Carson Skipper,P,22,/,"CO
                    
                    
                    Auburn (AL)","$125,000","$100,000","$25,000"
11,327,DET,,Joe Miller,P,22,/,"CO
                    
                    
                    Pennsylvania","$125,000","$125,000",
11,328,LAA,,Caden Dana,P,18,/,"HS
                    
                    
                    Don Bosco HS (NJ)","$125,000","$1,497,500","-$1,372,500"
11,329,NYM,,Rhylan Thomas,OF,22,L / L,"CO
                    
                    
                    Southern California","$125,000","$180,000","-$55,000"
11,330,SD,,Isaiah Lowe,P,19,/,"HS
                    
                    
                    Combine Academy (NC)","$125,000","$400,000","-$275,000"
11,331,CLE,,Magnus Ellerts,P,21,/,"JC
                    
                    
                    Florida SouthWestern State JC","$125,000","$125,000",
11,332,PHI,,Emaarion Boyd,OF,18,/,"HS
                    
                    
                    South Panola HS (MS)","$125,000","$647,500","-$522,500"
11,333,CIN,,Ben Brutti,P,19,/,"HS
                    
                    
                    South Kingstown HS (RI)","$125,000","$405,000","-$280,000"
11,334,OAK,,Christian Oppor,P,17,L / L,"HS
                    
                    
                    Columbus HS (WI)","$125,000",Unsigned,
11,335,ATL,,Ian Mejia,P,22,/,"CO
                    
                    
                    New Mexico State","$125,000","$100,000","$25,000"
11,336,SEA,,Marcelo Perez,P,22,/,"CO
                    
                    
                    Texas Christian","$125,000","$125,000",
11,337,STL,,Nathan Church,OF,22,/,"CO
                    
                    
                    California-Irvine","$125,000","$125,000",
11,338,TOR,,Pat Gallagher,P,22,/,"CO
                    
                    
                    Connecticut","$125,000","$125,000",
11,339,BOS,,Marques Johnson,P,22,/,"CO
                    
                    
                    Long Beach State","$125,000","$122,500","$2,500"
11,340,NYY,,Ryan Harvey,P,21,/,"CO
                    
                    
                    California-Santa Barbara","$125,000","$210,000","-$85,000"
11,341,CHW,,Jacob Burke,OF,21,/,"CO
                    
                    
                    Miami","$125,000","$225,000","-$100,000"
11,342,MIL,,Cameron Wagoner,P,21,/,"CO
                    
                    
                    Eastern Michigan","$125,000","$125,000",
11,343,HOU,,Ryan Clifford,LF,19,/,Pro5 Baseball Academy,"$125,000","$1,256,530","-$1,131,530"
11,344,TB,,Drew Sommers,P,21,/,"JC
                    
                    
                    Central Arizona JC","$125,000","$150,000","-$25,000"
11,345,LAD,,Kyle Nevin,OF,20,/,"CO
                    
                    
                    Baylor (TX)","$125,000","$397,500","-$272,500"
11,346,SF,,Sam Bower,P,21,/,"CO
                    
                    
                    St. Mary's College (CA)","$125,000","$317,500","-$192,500"
12,347,BAL,,Bradley Brehmer,P,22,/,"CO
                    
                    
                    Indiana","$125,000","$125,000",
12,348,ARI,,Malachi Witherspoon,P,17,R / R,"HS
                    
                    
                    Fletcher HS (FL)","$125,000",Unsigned,
12,349,TEX,,Jackson Kelley,P,22,R / R,"CO
                    
                    
                    Mercer","$125,000","$125,000",
12,350,PIT,,K.C. Hunt,P,22,/,"CO
                    
                    
                    Mississippi State","$125,000",Unsigned,
12,351,WSH,,Nick Peoples,OF,17,/,"HS
                    
                    
                    Northview HS (CA)","$125,000","$175,000","-$50,000"
12,352,MIA,,Cole Kirschsieper,OF,21,/,"CO
                    
                    
                    Illinois","$125,000","$125,000",
12,353,CHC,,Mathew Peters,P,21,/,"CO
                    
                    
                    Indiana Tech","$125,000","$125,000",
12,354,MIN,,Nate Baez,C,21,/,"CO
                    
                    
                    Arizona State","$125,000","$125,000",
12,355,KC,,Jack Pineda,SS,22,/,"CO
                    
                    
                    Baylor (TX)","$125,000","$147,500","-$22,500"
12,356,COL,,Caleb Franzen,P,21,/,"CO
                    
                    
                    Portland","$125,000","$125,000",
12,357,DET,,Cole Stupp,P,21,/,"CO
                    
                    
                    Kentucky","$125,000","$125,000",
12,358,LAA,,Jared Southard,P,21,/,"CO
                    
                    
                    Texas","$125,000","$137,500","-$12,500"
12,359,NYM,,Paul Gervase,P,22,/,"CO
                    
                    
                    Louisiana State","$125,000","$170,000","-$45,000"
12,360,SD,,Austin Krob,P,22,/,"CO
                    
                    
                    Texas Christian","$125,000","$125,000",
12,361,CLE,,Jack Jasiak,P,21,/,"CO
                    
                    
                    South Florida","$125,000","$125,000",
12,362,PHI,,Jordan Dissin,C,20,/,"JC
                    
                    
                    Saddleback JC (CA)","$125,000","$125,000",
12,363,CIN,,Mason Pelio,P,22,/,"CO
                    
                    
                    Boston College (MA)","$125,000","$125,000",
12,364,OAK,,T.J. Czyz,P,21,/,"JC
                    
                    
                    Cosumnes River JC (CA)","$125,000","$125,000",
12,365,ATL,,Justin Janas,1B,21,/,"CO
                    
                    
                    Illinois","$125,000","$125,000",
12,366,SEA,,Troy Taylor,P,20,/,"CO
                    
                    
                    California-Irvine","$125,000","$125,000",
12,367,STL,,Michael Curialle,SS,21,/,"CO
                    
                    
                    California-Los Angeles","$125,000","$150,000","-$25,000"
12,368,TOR,,Nolan Perry,P,18,/,"HS
                    
                    
                    Carlsbad HS (NM)","$125,000","$200,000","-$75,000"
12,369,BOS,,Hayden Mullins,P,21,/,"CO
                    
                    
                    Auburn (AL)","$125,000","$97,500","$27,500"
12,370,NYY,,Jackson Fristoe,P,21,/,"CO
                    
                    
                    Mississippi State","$125,000","$272,500","-$147,500"
12,371,CHW,,Brooks Baldwin,3B,21,/,"CO
                    
                    
                    North Carolina Wilmington","$125,000","$125,000",
12,372,MIL,,Luke Adams,3B,18,/,"HS
                    
                    
                    Hinsdale Central HS (IL)","$125,000","$282,500","-$157,500"
12,373,HOU,,Zach Dezenzo,SS,22,/,"CO
                    
                    
                    Ohio State","$125,000","$125,000",
12,374,TB,,Alex Cook,P,21,/,"JC
                    
                    
                    Colby JC (KS)","$125,000","$125,000",
12,375,LAD,,Jacob Meador,P,21,/,"CO
                    
                    
                    Dallas Baptist (TX)","$125,000","$125,000",
12,376,SF,,Tyler Vogel,P,21,/,"CO
                    
                    
                    Jacksonville","$125,000","$125,000",
13,377,BAL,,Jared Beck,P,22,/,"CO
                    
                    
                    Saint Leo (FL)","$125,000","$125,000",
13,378,ARI,,Eli Saul,P,20,/,"CO
                    
                    
                    California State-Sacramento","$125,000","$125,000",
13,379,TEX,,Caden Marcum,P,18,/,"HS
                    
                    
                    Paola HS (KS)","$125,000",Unsigned,
13,380,PIT,,Miguel Fulgencio,P,23,/,"JC
                    
                    
                    Cowley JC (KS)","$125,000","$125,000",
13,381,WSH,,Marquis Grissom Jr.,P,21,/,"CO
                    
                    
                    Georgia Tech","$125,000","$125,000",
13,382,MIA,,Chase Luttrell,OF,22,/,"CO
                    
                    
                    California State-Long Beach","$125,000","$125,000",
13,383,CHC,,Luis Rujano,P,19,/,"HS
                    
                    
                    Sunshine State Elite Academy (FL)","$125,000","$210,000","-$85,000"
13,384,MIN,,C.J. Culpepper,P,20,/,"CO
                    
                    
                    California Baptist","$125,000","$125,000",
13,385,KC,,Ryan Ramsey,P,21,/,"CO
                    
                    
                    Maryland","$125,000","$125,000",
13,386,COL,,Blake Adams,P,21,/,"CO
                    
                    
                    Kansas State","$125,000","$125,000",
13,387,DET,,Dom Johnson,OF,21,/,"CO
                    
                    
                    Kansas State","$125,000","$180,000","-$55,000"
13,388,LAA,,Tucker Flint,OF,21,/,"JC
                    
                    
                    Chipola JC (FL)","$125,000","$132,500","-$7,500"
13,389,NYM,,Dylan Ross,P,21,/,"CO
                    
                    
                    Georgia","$125,000","$125,000",
13,390,SD,,Graham Pauley,3B,21,L / R,"CO
                    
                    
                    Duke","$125,000","$125,000",
13,391,CLE,,Tyresse Turner,SS,22,S / R,"CO
                    
                    
                    Southern California","$125,000","$125,000",
13,392,PHI,,Cade Fergus,OF,21,/,"CO
                    
                    
                    George Washington (DC)","$125,000","$125,000",
13,393,CIN,,Johnathan Harmon,P,21,/,"CO
                    
                    
                    Northwestern State (LA)","$125,000","$125,000",
13,394,OAK,,Jake Pfennigs,P,22,/,"CO
                    
                    
                    Oregon State","$125,000","$125,000",
13,395,ATL,,Cedric De Grandpre,P,20,/,"JC
                    
                    
                    Chipola JC (FL)","$125,000","$237,500","-$112,500"
13,396,SEA,,Darren Bowen,P,21,/,"CO
                    
                    
                    North Carolina Pembroke","$125,000","$125,000",
13,397,STL,,Chandler Arnold,P,22,/,"CO
                    
                    
                    Dallas Baptist (TX)","$125,000","$175,000","-$50,000"
13,398,TOR,,Bo Bonds,P,21,/,"CO
                    
                    
                    Louisiana-Lafayette","$125,000","$125,000",
13,399,BOS,,Gavin Kilen,2B,18,L / R,"HS
                    
                    
                    Milton HS (WI)","$125,000",Unsigned,
13,400,NYY,,Geoffrey Gilbert,P,21,/,"CO
                    
                    
                    Clemson","$125,000","$125,000",
13,401,CHW,,Mason Adams,P,22,/,"CO
                    
                    
                    Jacksonville","$125,000","$75,000","$50,000"
13,402,MIL,,Zane Petty,P,18,R / R,"HS
                    
                    
                    Corsicana HS (TX)","$125,000",Unsigned,
13,403,HOU,,Jackson Loftin,SS,22,/,"CO
                    
                    
                    Oral Roberts (OK)","$125,000","$125,000",
13,404,TB,,Nate Dahle,P,24,/,"CO
                    
                    
                    Brigham Young (UT)","$125,000","$87,500","$37,500"
13,405,LAD,,Chris Newell,OF,21,/,"CO
                    
                    
                    Virginia","$125,000","$147,500","-$22,500"
13,406,SF,,Thomas Gavello,C,21,/,"CO
                    
                    
                    University of the Pacific (CA)","$125,000","$125,000",
14,407,BAL,,Adam Retzbach,C,21,/,"CO
                    
                    
                    Lehigh","$125,000","$125,000",
14,408,ARI,,Kevin Graham,OF,22,/,"CO
                    
                    
                    Mississippi","$125,000","$125,000",
14,409,TEX,,Andrew Owen,P,20,/,"JC
                    
                    
                    Grossmont JC (CA)","$125,000","$125,000",
14,410,PIT,,Julian Bosnic,P,22,/,"CO
                    
                    
                    South Carolina","$125,000","$125,000",
14,411,WSH,,Cortland Lawson,SS,22,/,"CO
                    
                    
                    Tennessee","$125,000","$125,000",
14,412,MIA,,Torin Montgomery,1B,21,/,"CO
                    
                    
                    Missouri","$125,000","$75,000","$50,000"
14,413,CHC,,Shane Marshall,P,22,/,"CO
                    
                    
                    Georgia","$125,000","$125,000",
14,414,MIN,,Omari Daniel,SS,18,/,"HS
                    
                    
                    The Walker School (GA)","$125,000","$232,800","-$107,800"
14,415,KC,,Ben Sears,P,22,/,"CO
                    
                    
                    Houston","$125,000","$125,000",
14,416,COL,,Braxton Hyde,P,21,/,"JC
                    
                    
                    Butler JC (KS)","$125,000","$125,000",
14,417,DET,,Joe Adametz,P,22,/,"CO
                    
                    
                    Liberty (VA)","$125,000","$130,000","-$5,000"
14,418,LAA,,Sabin Ceballos,C,19,R / R,"JC
                    
                    
                    San Jacinto JC (TX)","$125,000",Unsigned,
14,419,NYM,,Cameron Foster,P,23,/,"CO
                    
                    
                    McNeese State","$125,000","$40,000","$85,000"
14,420,SD,,Tyler Robertson,OF,22,/,"CO
                    
                    
                    Louisiana-Lafayette","$125,000","$125,000",
14,421,CLE,,Pres Cavenaugh,OF,21,/,"CO
                    
                    
                    North Carolina-Greensboro","$125,000","$125,000",
14,422,PHI,,Bryan Rincon,SS,18,/,"HS
                    
                    
                    Shaler Area HS (PA)","$125,000","$125,000",
14,423,CIN,,Jared Lyons,P,21,/,"CO
                    
                    
                    George Mason (VA)","$125,000","$100,000","$25,000"
14,424,OAK,,Jamaliel Rosado Jr.,SS,18,/,"HS
                    
                    
                    Leadership Christian Academy (PR)","$125,000","$125,000",
14,425,ATL,,Landon Harper,P,21,/,"CO
                    
                    
                    Southern Mississippi","$125,000","$140,000","-$15,000"
14,426,SEA,,Tyler Cleveland,P,22,/,"CO
                    
                    
                    Central Arkansas","$125,000","$125,000",
14,427,STL,,D.J. Carpenter,P,22,/,"CO
                    
                    
                    Oregon State","$125,000","$100,000","$25,000"
14,428,TOR,,Sammy Hernandez,C,18,/,"HS
                    
                    
                    Lakeland Senior HS (FL)","$125,000","$200,000","-$75,000"
14,429,BOS,,Travis Sanders,SS,18,/,"HS
                    
                    
                    Copperas Cove HS (TX)","$125,000",Unsigned,
14,430,NYY,,Kris Bow,P,21,/,"JC
                    
                    
                    JC of Southern Nevada","$125,000","$125,000",
14,431,CHW,,Shane Murphy,P,21,/,"JC
                    
                    
                    Chandler Gilbert JC (AZ)","$125,000","$125,000",
14,432,MIL,,Aidan Maldonado,P,22,/,"CO
                    
                    
                    Minnesota","$125,000","$125,000",
14,433,HOU,,Tommy Sacco Jr.,SS,23,/,"CO
                    
                    
                    Texas Christian","$125,000","$125,000",
14,434,TB,,Roel Garcia III,P,23,/,"CO
                    
                    
                    Rice (TX)","$125,000","$50,000","$75,000"
14,435,LAD,,Jose Izarra,SS,20,/,"JC
                    
                    
                    Florida SouthWestern State JC","$125,000","$125,000",
14,436,SF,,Nomar Diaz,C,18,/,"HS
                    
                    
                    Carlos Beltran Baseball Academy (PR...","$125,000","$125,000",
15,437,BAL,,James Hicks Jr.,P,21,R / R,"CO
                    
                    
                    South Carolina","$125,000",Unsigned,
15,438,ARI,,Joshua Day,SS,22,/,"CO
                    
                    
                    Missouri","$125,000","$125,000",
15,439,TEX,,Jack Goodman,SS,18,S / R,"HS
                    
                    
                    Medfield HS (MA)","$125,000",Unsigned,
15,440,PIT,,Josiah Sightler,1B,22,/,"CO
                    
                    
                    South Carolina","$125,000","$122,500","$2,500"
15,441,WSH,,Kyle Luckham,P,22,/,"CO
                    
                    
                    Arizona State","$125,000","$125,000",
15,442,MIA,,Ike Buxton,P,22,/,"CO
                    
                    
                    Lipscomb (TN)","$125,000","$100,000","$25,000"
15,443,CHC,,Haydn McGeary,C,22,/,"CO
                    
                    
                    Colorado Mesa","$125,000","$125,000",
15,444,MIN,,Ben Ethridge,P,21,/,"CO
                    
                    
                    Southern Mississippi","$125,000","$125,000",
15,445,KC,,Javier Vaz,OF,21,/,"CO
                    
                    
                    Vanderbilt (TN)","$125,000","$125,000",
15,446,COL,,Brady Hill,P,21,/,"CO
                    
                    
                    San Jose State (CA)","$125,000","$175,000","-$50,000"
15,447,DET,,Patrick Pridgen,P,23,/,"CO
                    
                    
                    Florida International","$125,000","$125,000",
15,448,LAA,,Bryce Osmond,P,21,/,"CO
                    
                    
                    Oklahoma State","$125,000","$129,500","-$4,500"
15,449,NYM,,Jackson Jaha,3B,19,/,"HS
                    
                    
                    Clackamas HS (OR)","$125,000",Unsigned,
15,450,SD,,Thomas Balboni Jr.,P,22,/,"CO
                    
                    
                    Northeastern","$125,000","$125,000",
15,451,CLE,,Adam Tulloch,P,22,/,"CO
                    
                    
                    Arizona State","$125,000","$125,000",
15,452,PHI,,Troy Schreffler,OF,21,/,"CO
                    
                    
                    Maryland","$125,000","$125,000",
15,453,CIN,,Adam Serwinowski,P,18,/,"HS
                    
                    
                    Eastside HS (SC)","$125,000","$125,000",
15,454,OAK,,Mark Adamiak,P,21,/,"CO
                    
                    
                    Arkansas","$125,000","$125,000",
15,455,ATL,,William Silva,P,20,/,"JC
                    
                    
                    Miami Dade JC (FL)","$125,000","$75,000","$50,000"
15,456,SEA,,Blake Rambusch,3B,22,/,"CO
                    
                    
                    Auburn (AL)","$125,000","$125,000",
15,457,STL,,Matt Hickey,P,24,/,"CO
                    
                    
                    Tarleton State (TX)","$125,000","$25,000","$100,000"
15,458,TOR,,Michael Turconi,SS,23,/,"CO
                    
                    
                    Wake Forest (NC)","$125,000","$75,000","$50,000"
15,459,BOS,,Nathan Landry,P,23,/,"CO
                    
                    
                    Missouri","$125,000","$112,500","$12,500"
15,460,NYY,,Tayler Aguilar,OF,21,L / L,"CO
                    
                    
                    Grand Canyon University","$125,000","$125,000",
15,461,CHW,,Billy Seidl,P,22,/,"CO
                    
                    
                    Duke","$125,000","$100,000","$25,000"
15,462,MIL,,Satchell Norman,C,19,/,"JC
                    
                    
                    Florida SouthWestern State JC","$125,000","$125,000",
15,463,HOU,,Joey Mancini,P,21,/,"CO
                    
                    
                    Boston College (MA)","$125,000","$125,000",
15,464,TB,,Jake Christianson,P,22,R / R,"JC
                    
                    
                    Feather River JC (CA)","$125,000","$50,000","$75,000"
15,465,LAD,,Nicolas Perez,SS,17,/,"HS
                    
                    
                    B You Academy (PR)","$125,000","$132,500","-$7,500"
15,466,SF,,Tanner O'Tremba,OF,22,/,"CO
                    
                    
                    Arizona","$125,000","$75,000","$50,000"
16,467,BAL,,Graham Firoved,P,22,/,"CO
                    
                    
                    Virginia Tech","$125,000","$80,000","$45,000"
16,468,ARI,,David Martin,C,21,/,"CO
                    
                    
                    California Baptist","$125,000","$100,000","$25,000"
16,469,TEX,,Nick Bautista III,P,20,/,"JC
                    
                    
                    Cypress JC (CA)","$125,000","$125,000",
16,470,PIT,,Nick Cimillo,C,22,/,"CO
                    
                    
                    Rutgers","$125,000","$100,000","$25,000"
16,471,WSH,,Everett Cooper III,SS,18,/,"HS
                    
                    
                    Pro5 Baseball Academy (NC)","$125,000","$125,000",
16,472,MIA,,Brett Roberts,SS,21,/,"CO
                    
                    
                    Florida State","$125,000","$100,000","$25,000"
16,473,CHC,,JP Wheat,P,19,/,"HS
                    
                    
                    Next Level Academy (AL)","$125,000","$125,000",
16,474,MIN,,Jankel Ortiz,SS,18,/,"HS
                    
                    
                    Academia Presbiteriana HS (PR)","$125,000","$125,000",
16,475,KC,,Cooper McKeehan,P,21,L / L,"CO
                    
                    
                    Brigham Young (UT)","$125,000","$125,000",
16,476,COL,,Austin Becker,P,22,/,"CO
                    
                    
                    Texas Tech","$125,000","$100,000","$25,000"
16,477,DET,,Quinn Gudaitis,P,23,/,"CO
                    
                    
                    Illinois-Springfield","$125,000","$75,000","$50,000"
16,478,LAA,,Casey Dana,OF,23,/,"CO
                    
                    
                    Connecticut","$125,000","$125,000",
16,479,NYM,,Jimmy Loper,P,22,/,"CO
                    
                    
                    Duke","$125,000","$125,000",
16,480,SD,,Henry Martinez,P,18,/,"HS
                    
                    
                    Miami Christian School (FL)","$125,000","$125,000",
16,481,CLE,,Logun Clark,C,19,/,"HS
                    
                    
                    Taft HS (CA)","$125,000","$125,000",
16,482,PHI,,Josh Bortka,P,23,R / R,"CO
                    
                    
                    Central Missouri","$125,000","$75,000","$50,000"
16,483,CIN,,Trey Braithwaite,P,24,R / R,"CO
                    
                    
                    West Virginia","$125,000","$100,000","$25,000"
16,484,OAK,,Blaze Pontes,P,22,/,"CO
                    
                    
                    Hawaii","$125,000","$75,000","$50,000"
16,485,ATL,,E.J. Exposito,SS,21,/,"CO
                    
                    
                    Long Island-Brooklyn (NY)","$125,000","$100,000","$25,000"
16,486,SEA,,Jacob McNairy,P,22,/,"CO
                    
                    
                    Alabama","$125,000",Unsigned,
16,487,STL,,Hunter Hayes,P,21,/,"CO
                    
                    
                    University of the Pacific (CA)","$125,000","$100,000","$25,000"
16,488,TOR,,Kale Davis,P,22,/,"CO
                    
                    
                    Oklahoma State","$125,000",Unsigned,
16,489,BOS,,Garrett Ramsey,P,22,/,"CO
                    
                    
                    Southern Mississippi","$125,000","$97,500","$27,500"
16,490,NYY,,Shane Gray,P,22,/,"CO
                    
                    
                    Evansville","$125,000","$125,000",
16,491,CHW,,Tristan Stivors,P,23,/,"CO
                    
                    
                    Texas State","$125,000","$75,000","$50,000"
16,492,MIL,,Ethan Lege,3B,21,R / R,"JC
                    
                    
                    Delgado JC (LA)","$125,000",Unsigned,
16,493,HOU,,Tim Borden,SS,22,/,"CO
                    
                    
                    Georgia Tech","$125,000","$50,000","$75,000"
16,494,TB,,Kamren James,SS,22,/,"CO
                    
                    
                    Mississippi State","$125,000","$125,000",
16,495,LAD,,Jared Karros,P,21,/,"CO
                    
                    
                    California-Los Angeles","$125,000","$125,000",
16,496,SF,,Andrew Kachel,2B,21,/,"CO
                    
                    
                    California State-Fresno","$125,000","$125,000",
17,497,BAL,,Carter Young,SS,21,/,"CO
                    
                    
                    Vanderbilt (TN)","$125,000","$1,325,000","-$1,200,000"
17,498,ARI,,Logan Clayton,P,22,/,"CO
                    
                    
                    Houston","$125,000","$100,000","$25,000"
17,499,TEX,,Carson Dorsey,P,19,L / L,"JC
                    
                    
                    Gulf Coast State JC (FL)","$125,000",Unsigned,
17,500,PIT,,Jaycob Deese,P,22,/,"CO
                    
                    
                    Houston","$125,000","$80,000","$45,000"
17,501,WSH,,Blake Klassen,1B,21,/,"CO
                    
                    
                    California-Santa Barbara","$125,000","$125,000",
17,502,MIA,,Evan Chrest,P,18,R / R,"HS
                    
                    
                    Wharton HS (FL)","$125,000",Unsigned,
17,503,CHC,,Andy Garriola,OF,22,/,"CO
                    
                    
                    Old Dominion (VA)","$125,000","$50,000","$75,000"
17,504,MIN,,Alec Sayre,OF,21,/,"CO
                    
                    
                    Wright State (OH)","$125,000","$100,000","$25,000"
17,505,KC,,Chazz Martinez,P,22,/,"CO
                    
                    
                    Oklahoma","$125,000","$125,000",
17,506,COL,,Tyler Hoffman,P,22,/,"CO
                    
                    
                    Tulane (LA)","$125,000","$125,000",
17,507,DET,,Cole Patten,P,22,/,"CO
                    
                    
                    Villanova (PA)","$125,000","$35,000","$90,000"
17,508,LAA,,Sammy Natera Jr.,P,22,/,"CO
                    
                    
                    New Mexico State","$125,000","$125,000",
17,509,NYM,,Connor Brandon,P,21,R / R,"CO
                    
                    
                    Toledo (OH)","$125,000","$200,000","-$75,000"
17,510,SD,,Hugh Pinkney,C,18,/,"HS
                    
                    
                    Silverthorn Collegiate Institute (O...","$125,000",Unsigned,
17,511,CLE,,Angel Zarate,OF,23,/,"CO
                    
                    
                    North Carolina","$125,000","$100,000","$25,000"
17,512,PHI,,Daniel Harper,P,23,/,"CO
                    
                    
                    Kentucky","$125,000","$20,000","$105,000"
17,513,CIN,,Easton Sikorski,P,22,/,Western Michigan,"$125,000","$75,000","$50,000"
17,514,OAK,,Jake Garland,P,21,/,"CO
                    
                    
                    Miami","$125,000","$100,000","$25,000"
17,515,ATL,,Kevin Kilpatrick Jr.,OF,21,/,"JC
                    
                    
                    JC of Central Florida","$125,000","$125,000",
17,516,SEA,,Stefan Raeth,P,21,/,"CO
                    
                    
                    Washington","$125,000","$50,000","$75,000"
17,517,STL,,Brody Moore,SS,22,/,"CO
                    
                    
                    Auburn (AL)","$125,000","$50,000","$75,000"
17,518,TOR,,Ryan Chasse,P,22,/,"CO
                    
                    
                    Campbell (NC)","$125,000","$50,000","$75,000"
17,519,BOS,,Deundre Jones,OF,18,/,"HS
                    
                    
                    Lutheran South Academy (TX)","$125,000","$125,000",
17,520,NYY,,Hayden Merda,P,22,/,"CO
                    
                    
                    Azusa Pacific (CA)","$125,000","$125,000",
17,521,CHW,,Nick Altermatt,P,22,/,"CO
                    
                    
                    Minnesota State-Mankato","$125,000","$125,000",
17,522,MIL,,Brady Neal,C,17,/,"HS
                    
                    
                    IMG Academy (FL)","$125,000",Unsigned,
17,523,HOU,,Garrett McGowan,1B,23,/,"CO
                    
                    
                    Pittsburg State (KS)","$125,000","$20,000","$105,000"
17,524,TB,,Levi Huesman,P,18,R / L,"HS
                    
                    
                    Hanover HS (VA)","$125,000",Unsigned,
17,525,LAD,,Payton Martin,P,18,/,"HS
                    
                    
                    West Forsyth HS (NC)","$125,000","$125,000",
17,526,SF,,Justin Bench,SS,22,/,"CO
                    
                    
                    Mississippi","$125,000","$100,000","$25,000"
18,527,BAL,,Andrew Walters,P,21,R / R,"CO
                    
                    
                    Miami (FL)","$125,000",Unsigned,
18,528,ARI,,Aiva Arquette,SS,18,R / R,"HS
                    
                    
                    Saint Louis School (HI)","$125,000",Unsigned,
18,529,TEX,,Justin Sanchez,P,18,L / L,"HS
                    
                    
                    McClancy Memorial HS (NY)","$125,000","$125,000",
18,530,PIT,,Elijah Birdsong,P,22,/,"CO
                    
                    
                    University of the Pacific (CA)","$125,000","$100,000","$25,000"
18,531,WSH,,Brad Lord,P,22,/,"CO
                    
                    
                    South Flordia","$125,000","$125,000",
18,532,MIA,,Spencer Bramwell,C,23,/,"CO
                    
                    
                    Colorado Mesa","$125,000","$10,000","$115,000"
18,533,CHC,,Garrett Brown,P,22,/,"CO
                    
                    
                    Georgia","$125,000","$80,000","$45,000"
18,534,MIN,,Zach Veen,P,21,L / L,"CO
                    
                    
                    Point Loma Nazarene","$125,000","$80,000","$45,000"
18,535,KC,,Milo Rushford,OF,18,/,"HS
                    
                    
                    Walden Grove HS (AZ)","$125,000","$125,000",
18,536,COL,,Javier Ramos,P,22,/,"CO
                    
                    
                    Oklahoma","$125,000","$130,000","-$5,000"
18,537,DET,,Chris Williams,OF,22,/,"CO
                    
                    
                    William Carey (MS)","$125,000","$50,000","$75,000"
18,538,LAA,,Max Gieg,P,21,/,"CO
                    
                    
                    Boston College (MA)","$125,000","$125,000",
18,539,NYM,,Chris Santiago,P,21,/,"CO
                    
                    
                    St. Mary's College (CA)","$125,000","$125,000",
18,540,SD,,Romeo Sanabria,C,20,/,"JC
                    
                    
                     Indian River State JC (FL)","$125,000","$50,000","$75,000"
18,541,CLE,,Zach Jacobs,P,20,/,"CO
                    
                    
                    California-Riverside","$125,000","$125,000",
18,542,PHI,,Braylen Wimmer,2B,21,R / R,"CO
                    
                    
                    South Carolina","$125,000",Unsigned,
18,543,CIN,,Mason Neville,OF,18,L / L,"HS
                    
                    
                    Basic HS (NV)","$125,000",Unsigned,
18,544,OAK,,Vince Reilly,P,21,R / R,"CO
                    
                    
                    Grand Canyon University","$125,000","$100,000","$25,000"
18,545,ATL,,Noah Williams,OF,18,/,"HS
                    
                    
                    Redondo Union HS (CA)","$125,000","$125,000",
18,546,SEA,,Brandon Schaeffer,P,22,/,North Carolina,"$125,000","$100,000","$25,000"
18,547,STL,,Jack Lynch,P,21,/,"CO
                    
                    
                    Xavier (OH)","$125,000","$125,000",
18,548,TOR,,Jeremy Pilon,P,16,L / L,"HS
                    
                    
                    Ecole Secondaire De Montagne (QC)","$125,000",Unsigned,
18,549,BOS,,Austin Ehrlicher,P,19,/,"JC
                    
                    
                    Santa Rosa JC (CA)","$125,000",Follow,
18,550,NYY,,Sebastian Keane,P,21,/,"CO
                    
                    
                    Northeastern","$125,000","$125,000",
18,551,CHW,,Bryce Willits,3B,22,/,"CO
                    
                    
                    California-Santa Barbara","$125,000","$40,000","$85,000"
18,552,MIL,,Jurrangelo Cijntje,P,19,S /,"HS
                    
                    
                    Champagnat Catholic School (FL)","$125,000",Unsigned,
18,553,HOU,,Isaiah Jackson,OF,18,L / R,"HS
                    
                    
                    Cienega HS (AZ)","$125,000",Unsigned,
18,554,TB,,Duncan Davitt,P,22,/,"CO
                    
                    
                    Iowa","$125,000","$25,000","$100,000"
18,555,LAD,,Cameron Decker,SS,18,/,"HS
                    
                    
                    Evansville North HS (IN)","$125,000","$187,500","-$62,500"
18,556,SF,,Tanner Thach,1B,18,L / L,"HS
                    
                    
                    Perquimans HS (NC)","$125,000",Unsigned,
19,557,BAL,,Alden Mathes,OF,21,/,"CO
                    
                    
                    Richmond","$125,000",Unsigned,
19,558,ARI,,Gavin Turley,OF,18,R / R,"HS
                    
                    
                    Hamilton HS (AZ)","$125,000",Unsigned,
19,559,TEX,,Grayson Saunier,P,18,L / R,"HS
                    
                    
                    Collierville HS (TN)","$125,000",Unsigned,
19,560,PIT,,Yoel Tejeda Jr.,P,19,S / R,"HS
                    
                    
                    North Broward Prep HS (FL)","$125,000",Unsigned,
19,561,WSH,,Johnathon Thomas,OF,22,/,"CO
                    
                    
                    Texas Southern","$125,000","$125,000",
19,562,MIA,,Carmine Lane,C,21,/,"CO
                    
                    
                    South Florida","$125,000","$75,000","$50,000"
19,563,CHC,,Brock Blatter,P,18,/,"HS
                    
                    
                    Central Catholic HS (MT)","$125,000",Unsigned,
19,564,MIN,,Garrett McMillan,P,21,L / R,"CO
                    
                    
                    Alabama","$125,000",Unsigned,
19,565,KC,,Tommy Szczepanski,P,19,/,"HS
                    
                    
                    Garber HS (MI)","$125,000",Unsigned,
19,566,COL,,Skyler Messinger,3B,23,/,"CO
                    
                    
                    Texas","$125,000","$20,000","$105,000"
19,567,DET,,Albert Oliva,P,19,/,"JC
                    
                    
                    New Mexico Military Institute JC","$125,000","$125,000",
19,568,LAA,,Luke Franzoni,OF,22,/,"CO
                    
                    
                    Xavier (OH)","$125,000","$75,000","$50,000"
19,569,NYM,,Jackson Lovich,SS,18,R / R,"HS
                    
                    
                    Blue Valley West HS (KS)","$125,000",Unsigned,
19,570,SD,,Spence Coffman,SS,18,/,"HS
                    
                    
                    Tishomingo County HS (MS)","$125,000","$125,000",
19,571,CLE,,Geo Rivera Jr.,P,21,/,"JC
                    
                    
                    Walters State JC (TN)","$125,000","$160,000","-$35,000"
19,572,PHI,,Drew Garrett,P,22,/,"CO
                    
                    
                    Missouri","$125,000","$50,000","$75,000"
19,573,CIN,,Tyler Chadwick,P,20,/,"JC
                    
                    
                    Iowa Western JC","$125,000",Unsigned,
19,574,OAK,,Tommy Stevenson,1B,21,/,"CO
                    
                    
                    Missouri Southern State","$125,000","$100,000","$25,000"
19,575,ATL,,Christian Jackson,OF,18,/,"HS
                    
                    
                    Dutchtown HS (GA)","$125,000","$125,000",
19,576,SEA,,Curtis Washington Jr.,OF,22,/,"CO
                    
                    
                    Purdue","$125,000","$50,000","$75,000"
19,577,STL,,Chris Rotondo,OF,23,/,"CO
                    
                    
                    Villanova (PA)","$125,000","$25,000","$100,000"
19,578,TOR,,Gage Stanifer,P,18,/,"HS
                    
                    
                    Westfield HS (IN)","$125,000","$125,000",
19,579,BOS,,Jaret Godman,P,22,/,"CO
                    
                    
                    Oklahoma","$125,000","$122,500","$2,500"
19,580,NYY,,Beau Brewer,3B,20,/,"JC
                    
                    
                    Paris JC (TX)","$125,000","$125,000",
19,581,CHW,,Drake Logan,3B,21,/,"JC
                    
                    
                    Shelton State JC (AL)","$125,000","$125,000",
19,582,MIL,,Jaden Noot,SP,18,/,"HS
                    
                    
                    Sierra Canyon HS (CA)","$125,000",Unsigned,
19,583,HOU,,John Garcia,C,21,/,"CO
                    
                    
                    Grambling State","$125,000","$75,000","$50,000"
19,584,TB,,Quinn Mathews,P,21,L / L,"CO
                    
                    
                    Stanford (CA)","$125,000",Unsigned,
19,585,LAD,,Chris Alleyne,OF,23,/,"CO
                    
                    
                    Maryland","$125,000","$125,000",
19,586,SF,,Cade Perkins,P,18,/,"HS
                    
                    
                    Manhattan HS (KS)","$125,000",Unsigned,
20,587,BAL,,Reese Sharp,P,21,/,"CO
                    
                    
                    Indiana","$125,000","$125,000",
20,588,ARI,,Riley Kelly,P,18,R / R,"HS
                    
                    
                    Tustin HS (CA)","$125,000",Unsigned,
20,589,TEX,,Matt Scott,P,18,/,"HS
                    
                    
                    Joel Barlow HS (CT)","$125,000",Unsigned,
20,590,PIT,,Joshua Loeschorn,P,22,/,"CO
                    
                    
                    Long Island-Brooklyn (NY)","$125,000","$25,000","$100,000"
20,591,WSH,,JeanPierre Ortiz,SS,18,R / R,"HS
                    
                    
                    IMG Academy (FL)","$125,000",Unsigned,
20,592,MIA,,Jack Gowen,P,22,/,"CO
                    
                    
                    Georgia","$125,000","$75,000","$50,000"
20,593,CHC,,Ke'Shun Collier,OF,21,/,"JC
                    
                    
                    Meridian JC (MS)","$125,000","$100,000","$25,000"
20,594,MIN,,Korbyn Dickerson,OF,18,R / R,"HS
                    
                    
                    Trinity HS (KY)","$125,000",Unsigned,
20,595,KC,,Austin Charles,3B,18,/,"HS
                    
                    
                    Stockdale HS (CA)","$125,000","$429,500","-$304,500"
20,596,COL,,Carlos Torres,P,21,/,"CO
                    
                    
                    Lehigh","$125,000","$100,000","$25,000"
20,597,DET,,Drew Conover,P,20,R / R,Seton Hall,"$125,000",Unsigned,
20,598,LAA,,Brendan Tinsman,C,22,/,"CO
                    
                    
                    Wake Forest (NC)","$125,000","$25,000","$100,000"
20,599,NYM,,Eli Ankeney,P,21,/,"CO
                    
                    
                    Grand Canyon","$125,000","$100,000","$25,000"
20,600,SD,,Andrew Vail,P,21,/,"CO
                    
                    
                    Rowan (NJ)","$125,000","$150,000","-$25,000"
20,601,CLE,,Shawn Rapp,P,22,/,"CO
                    
                    
                    North Carolina","$125,000","$50,000","$75,000"
20,602,PHI,,Nathan Karaffa,P,21,/,"CO
                    
                    
                    Texas A&M","$125,000","$75,000","$50,000"
20,603,CIN,,Joseph Menefee,P,22,/,"CO
                    
                    
                    Texas A&M","$125,000","$125,000",
20,604,OAK,,Derek True,P,21,R / R,"CO
                    
                    
                    California State Poly-San Luis Obis...","$125,000",Unsigned,
20,605,ATL,,Keshawn Ogans,SS,20,/,"CO
                    
                    
                    California-Berkeley","$125,000","$125,000",
20,606,SEA,,Nick Zona,2B,23,/,"CO
                    
                    
                    James Madison","$125,000","$5,000","$120,000"
20,607,STL,,Gavin Van Kempen,P,17,/,"HS
                    
                    
                    Maple Hill HS (NY)","$125,000",-,
20,608,TOR,,Gregory Pace Jr.,OF,17,/,"HS
                    
                    
                    Detroit Edison Academy (MI)","$125,000",Unsigned,
20,609,BOS,,Connor Butler,P,22,/,"CO
                    
                    
                    Biola (CA)","$125,000","$72,500","$52,500"
20,610,NYY,,Trevor Kirk,P,21,/,"CO
                    
                    
                    Elon","$125,000","$125,000",
20,611,CHW,,Ethan Hammerberg,P,21,/,"CO
                    
                    
                    Ohio State","$125,000","$100,000","$25,000"
20,612,MIL,,Noah Hall,P,21,R / R,"CO
                    
                    
                    South Carolina","$125,000",Unsigned,
20,613,HOU,,Ryan Wrobleski,C,22,/,"CO
                    
                    
                    Dallas Baptist (TX)","$125,000","$30,000","$95,000"
20,614,TB,,Matt Wyatt,P,21,/,"CO
                    
                    
                    Virginia","$125,000","$260,100","-$135,100"
20,615,LAD,,Carter McCulley,SS,18,/,"HS
                    
                    
                    Pensacola Catholic HS (FL)","$125,000",Unsigned,
20,616,SF,,Ethan Long,1B,21,/,"CO
                    
                    
                    Arizona State","$125,000",Unsigned,